month,region,denomination,notes_issued,notes_returned,net_circulation
2023-01,Dar es Salaam,TZS 500,60289,50354,9935
2023-01,Dar es Salaam,"TZS 1,000",209396,152774,56622
2023-01,Dar es Salaam,"TZS 2,000",126409,75440,50969
2023-01,Dar es Salaam,"TZS 5,000",149439,121023,28416
2023-01,Dar es Salaam,"TZS 10,000",145231,110727,34504
2023-01,Dar es Salaam,"TZS 20,000",60341,50745,9596
2023-01,Mwanza,TZS 500,24495,15032,9463
2023-01,Mwanza,"TZS 1,000",62963,38093,24870
2023-01,Mwanza,"TZS 2,000",47174,33372,13802
2023-01,Mwanza,"TZS 5,000",60004,38244,21760
2023-01,Mwanza,"TZS 10,000",51799,30657,21142
2023-01,Mwanza,"TZS 20,000",23496,15505,7991
2023-01,Arusha,TZS 500,14424,11330,3094
2023-01,Arusha,"TZS 1,000",41564,29272,12292
2023-01,Arusha,"TZS 2,000",33801,19061,14740
2023-01,Arusha,"TZS 5,000",41495,24945,16550
2023-01,Arusha,"TZS 10,000",28598,23869,4729
2023-01,Arusha,"TZS 20,000",18741,14852,3889
2023-01,Dodoma,TZS 500,11467,6642,4825
2023-01,Dodoma,"TZS 1,000",40170,27397,12773
2023-01,Dodoma,"TZS 2,000",24300,16974,7326
2023-01,Dodoma,"TZS 5,000",28819,23712,5107
2023-01,Dodoma,"TZS 10,000",25424,19036,6388
2023-01,Dodoma,"TZS 20,000",12929,9128,3801
2023-01,Mbeya,TZS 500,11646,7051,4595
2023-01,Mbeya,"TZS 1,000",40947,32042,8905
2023-01,Mbeya,"TZS 2,000",29249,23938,5311
2023-01,Mbeya,"TZS 5,000",32512,26873,5639
2023-01,Mbeya,"TZS 10,000",22651,13789,8862
2023-01,Mbeya,"TZS 20,000",11158,7225,3933
2023-01,Zanzibar,TZS 500,10428,6584,3844
2023-01,Zanzibar,"TZS 1,000",37041,24336,12705
2023-01,Zanzibar,"TZS 2,000",22680,16166,6514
2023-01,Zanzibar,"TZS 5,000",26474,20931,5543
2023-01,Zanzibar,"TZS 10,000",21177,17917,3260
2023-01,Zanzibar,"TZS 20,000",13129,8003,5126
2023-01,Tanga,TZS 500,7706,6123,1583
2023-01,Tanga,"TZS 1,000",30032,23085,6947
2023-01,Tanga,"TZS 2,000",22017,12598,9419
2023-01,Tanga,"TZS 5,000",23828,13933,9895
2023-01,Tanga,"TZS 10,000",22578,16639,5939
2023-01,Tanga,"TZS 20,000",9663,5498,4165
2023-01,Morogoro,TZS 500,7879,5102,2777
2023-01,Morogoro,"TZS 1,000",27900,20681,7219
2023-01,Morogoro,"TZS 2,000",20977,14509,6468
2023-01,Morogoro,"TZS 5,000",20349,15546,4803
2023-01,Morogoro,"TZS 10,000",20264,14557,5707
2023-01,Morogoro,"TZS 20,000",10160,7093,3067
2023-01,Kigoma,TZS 500,7008,4753,2255
2023-01,Kigoma,"TZS 1,000",18655,10864,7791
2023-01,Kigoma,"TZS 2,000",13460,9972,3488
2023-01,Kigoma,"TZS 5,000",18076,12699,5377
2023-01,Kigoma,"TZS 10,000",17576,10981,6595
2023-01,Kigoma,"TZS 20,000",7620,5918,1702
2023-01,Mtwara,TZS 500,5754,3297,2457
2023-01,Mtwara,"TZS 1,000",18342,10975,7367
2023-01,Mtwara,"TZS 2,000",15912,12609,3303
2023-01,Mtwara,"TZS 5,000",17917,14538,3379
2023-01,Mtwara,"TZS 10,000",15379,9319,6060
2023-01,Mtwara,"TZS 20,000",7877,5606,2271
2023-02,Dar es Salaam,TZS 500,72742,59563,13179
2023-02,Dar es Salaam,"TZS 1,000",196761,114714,82047
2023-02,Dar es Salaam,"TZS 2,000",137619,93323,44296
2023-02,Dar es Salaam,"TZS 5,000",200623,162147,38476
2023-02,Dar es Salaam,"TZS 10,000",127685,89791,37894
2023-02,Dar es Salaam,"TZS 20,000",73068,45056,28012
2023-02,Mwanza,TZS 500,20979,13663,7316
2023-02,Mwanza,"TZS 1,000",83832,54236,29596
2023-02,Mwanza,"TZS 2,000",53580,40769,12811
2023-02,Mwanza,"TZS 5,000",62455,52558,9897
2023-02,Mwanza,"TZS 10,000",60671,37951,22720
2023-02,Mwanza,"TZS 20,000",26618,17042,9576
2023-02,Arusha,TZS 500,14536,8155,6381
2023-02,Arusha,"TZS 1,000",50158,35150,15008
2023-02,Arusha,"TZS 2,000",30260,19172,11088
2023-02,Arusha,"TZS 5,000",47969,29830,18139
2023-02,Arusha,"TZS 10,000",31240,21769,9471
2023-02,Arusha,"TZS 20,000",20029,12470,7559
2023-02,Dodoma,TZS 500,13618,10601,3017
2023-02,Dodoma,"TZS 1,000",37283,28650,8633
2023-02,Dodoma,"TZS 2,000",27981,20697,7284
2023-02,Dodoma,"TZS 5,000",37039,26324,10715
2023-02,Dodoma,"TZS 10,000",25556,20459,5097
2023-02,Dodoma,"TZS 20,000",13785,8353,5432
2023-02,Mbeya,TZS 500,10527,7655,2872
2023-02,Mbeya,"TZS 1,000",40188,22303,17885
2023-02,Mbeya,"TZS 2,000",27572,17038,10534
2023-02,Mbeya,"TZS 5,000",35039,21104,13935
2023-02,Mbeya,"TZS 10,000",29046,19345,9701
2023-02,Mbeya,"TZS 20,000",15535,9185,6350
2023-02,Zanzibar,TZS 500,10923,6379,4544
2023-02,Zanzibar,"TZS 1,000",40410,32861,7549
2023-02,Zanzibar,"TZS 2,000",23933,17901,6032
2023-02,Zanzibar,"TZS 5,000",34544,24752,9792
2023-02,Zanzibar,"TZS 10,000",26037,16209,9828
2023-02,Zanzibar,"TZS 20,000",11328,9279,2049
2023-02,Tanga,TZS 500,10775,7972,2803
2023-02,Tanga,"TZS 1,000",28610,18732,9878
2023-02,Tanga,"TZS 2,000",23112,18931,4181
2023-02,Tanga,"TZS 5,000",29527,23148,6379
2023-02,Tanga,"TZS 10,000",22567,12981,9586
2023-02,Tanga,"TZS 20,000",9723,7968,1755
2023-02,Morogoro,TZS 500,9163,5064,4099
2023-02,Morogoro,"TZS 1,000",24432,18300,6132
2023-02,Morogoro,"TZS 2,000",17013,10177,6836
2023-02,Morogoro,"TZS 5,000",24777,18770,6007
2023-02,Morogoro,"TZS 10,000",20890,12894,7996
2023-02,Morogoro,"TZS 20,000",10625,6599,4026
2023-02,Kigoma,TZS 500,7012,5426,1586
2023-02,Kigoma,"TZS 1,000",24163,19445,4718
2023-02,Kigoma,"TZS 2,000",17437,12563,4874
2023-02,Kigoma,"TZS 5,000",17869,11799,6070
2023-02,Kigoma,"TZS 10,000",15477,9645,5832
2023-02,Kigoma,"TZS 20,000",9506,6349,3157
2023-02,Mtwara,TZS 500,7443,5502,1941
2023-02,Mtwara,"TZS 1,000",22653,15875,6778
2023-02,Mtwara,"TZS 2,000",15330,10696,4634
2023-02,Mtwara,"TZS 5,000",16640,12758,3882
2023-02,Mtwara,"TZS 10,000",13999,7801,6198
2023-02,Mtwara,"TZS 20,000",7819,4715,3104
2023-03,Dar es Salaam,TZS 500,81513,68159,13354
2023-03,Dar es Salaam,"TZS 1,000",253003,167247,85756
2023-03,Dar es Salaam,"TZS 2,000",138451,114706,23745
2023-03,Dar es Salaam,"TZS 5,000",193734,162735,30999
2023-03,Dar es Salaam,"TZS 10,000",184531,148714,35817
2023-03,Dar es Salaam,"TZS 20,000",76005,50583,25422
2023-03,Mwanza,TZS 500,28296,18253,10043
2023-03,Mwanza,"TZS 1,000",72067,51674,20393
2023-03,Mwanza,"TZS 2,000",65136,49425,15711
2023-03,Mwanza,"TZS 5,000",71879,41628,30251
2023-03,Mwanza,"TZS 10,000",59587,50471,9116
2023-03,Mwanza,"TZS 20,000",25690,18124,7566
2023-03,Arusha,TZS 500,18701,14441,4260
2023-03,Arusha,"TZS 1,000",55602,42298,13304
2023-03,Arusha,"TZS 2,000",36206,23102,13104
2023-03,Arusha,"TZS 5,000",50487,40037,10450
2023-03,Arusha,"TZS 10,000",41962,34575,7387
2023-03,Arusha,"TZS 20,000",18964,13283,5681
2023-03,Dodoma,TZS 500,15252,11362,3890
2023-03,Dodoma,"TZS 1,000",46400,36597,9803
2023-03,Dodoma,"TZS 2,000",35185,22919,12266
2023-03,Dodoma,"TZS 5,000",37062,21429,15633
2023-03,Dodoma,"TZS 10,000",32239,18079,14160
2023-03,Dodoma,"TZS 20,000",15587,11110,4477
2023-03,Mbeya,TZS 500,12354,8984,3370
2023-03,Mbeya,"TZS 1,000",35439,19888,15551
2023-03,Mbeya,"TZS 2,000",32574,21435,11139
2023-03,Mbeya,"TZS 5,000",32238,22781,9457
2023-03,Mbeya,"TZS 10,000",32105,19736,12369
2023-03,Mbeya,"TZS 20,000",15397,8862,6535
2023-03,Zanzibar,TZS 500,10732,7613,3119
2023-03,Zanzibar,"TZS 1,000",39222,29072,10150
2023-03,Zanzibar,"TZS 2,000",29792,25107,4685
2023-03,Zanzibar,"TZS 5,000",34266,22166,12100
2023-03,Zanzibar,"TZS 10,000",30370,19171,11199
2023-03,Zanzibar,"TZS 20,000",13694,7854,5840
2023-03,Tanga,TZS 500,8919,7481,1438
2023-03,Tanga,"TZS 1,000",35775,27145,8630
2023-03,Tanga,"TZS 2,000",22760,13701,9059
2023-03,Tanga,"TZS 5,000",25652,16034,9618
2023-03,Tanga,"TZS 10,000",23745,18150,5595
2023-03,Tanga,"TZS 20,000",12262,7773,4489
2023-03,Morogoro,TZS 500,10910,8415,2495
2023-03,Morogoro,"TZS 1,000",30489,22364,8125
2023-03,Morogoro,"TZS 2,000",21079,13160,7919
2023-03,Morogoro,"TZS 5,000",25259,19635,5624
2023-03,Morogoro,"TZS 10,000",18453,10791,7662
2023-03,Morogoro,"TZS 20,000",9329,5244,4085
2023-03,Kigoma,TZS 500,8853,6737,2116
2023-03,Kigoma,"TZS 1,000",24806,14371,10435
2023-03,Kigoma,"TZS 2,000",17954,12424,5530
2023-03,Kigoma,"TZS 5,000",19843,13496,6347
2023-03,Kigoma,"TZS 10,000",17451,12822,4629
2023-03,Kigoma,"TZS 20,000",9364,5277,4087
2023-03,Mtwara,TZS 500,6929,5111,1818
2023-03,Mtwara,"TZS 1,000",22521,18173,4348
2023-03,Mtwara,"TZS 2,000",16971,10163,6808
2023-03,Mtwara,"TZS 5,000",17249,12811,4438
2023-03,Mtwara,"TZS 10,000",13898,10086,3812
2023-03,Mtwara,"TZS 20,000",9169,6625,2544
2023-04,Dar es Salaam,TZS 500,74803,55577,19226
2023-04,Dar es Salaam,"TZS 1,000",238845,170460,68385
2023-04,Dar es Salaam,"TZS 2,000",197214,131311,65903
2023-04,Dar es Salaam,"TZS 5,000",242299,199074,43225
2023-04,Dar es Salaam,"TZS 10,000",158256,90333,67923
2023-04,Dar es Salaam,"TZS 20,000",76646,42574,34072
2023-04,Mwanza,TZS 500,24171,18246,5925
2023-04,Mwanza,"TZS 1,000",74936,48385,26551
2023-04,Mwanza,"TZS 2,000",68326,38056,30270
2023-04,Mwanza,"TZS 5,000",82819,52553,30266
2023-04,Mwanza,"TZS 10,000",54827,41614,13213
2023-04,Mwanza,"TZS 20,000",32157,26151,6006
2023-04,Arusha,TZS 500,19333,15293,4040
2023-04,Arusha,"TZS 1,000",52747,31818,20929
2023-04,Arusha,"TZS 2,000",43690,34604,9086
2023-04,Arusha,"TZS 5,000",56973,38387,18586
2023-04,Arusha,"TZS 10,000",39074,30591,8483
2023-04,Arusha,"TZS 20,000",19347,16043,3304
2023-04,Dodoma,TZS 500,16668,11312,5356
2023-04,Dodoma,"TZS 1,000",50570,39260,11310
2023-04,Dodoma,"TZS 2,000",29830,24483,5347
2023-04,Dodoma,"TZS 5,000",41452,33076,8376
2023-04,Dodoma,"TZS 10,000",32034,26224,5810
2023-04,Dodoma,"TZS 20,000",16368,9055,7313
2023-04,Mbeya,TZS 500,15915,9189,6726
2023-04,Mbeya,"TZS 1,000",41940,35020,6920
2023-04,Mbeya,"TZS 2,000",36243,26168,10075
2023-04,Mbeya,"TZS 5,000",40565,27768,12797
2023-04,Mbeya,"TZS 10,000",29946,19422,10524
2023-04,Mbeya,"TZS 20,000",16789,13023,3766
2023-04,Zanzibar,TZS 500,14496,11406,3090
2023-04,Zanzibar,"TZS 1,000",36547,25521,11026
2023-04,Zanzibar,"TZS 2,000",26011,18594,7417
2023-04,Zanzibar,"TZS 5,000",36014,29398,6616
2023-04,Zanzibar,"TZS 10,000",28651,16764,11887
2023-04,Zanzibar,"TZS 20,000",13390,10423,2967
2023-04,Tanga,TZS 500,11576,6717,4859
2023-04,Tanga,"TZS 1,000",30578,23248,7330
2023-04,Tanga,"TZS 2,000",21930,17468,4462
2023-04,Tanga,"TZS 5,000",32647,18752,13895
2023-04,Tanga,"TZS 10,000",22021,18629,3392
2023-04,Tanga,"TZS 20,000",12103,8002,4101
2023-04,Morogoro,TZS 500,11288,9416,1872
2023-04,Morogoro,"TZS 1,000",36952,28675,8277
2023-04,Morogoro,"TZS 2,000",22358,12856,9502
2023-04,Morogoro,"TZS 5,000",30739,22055,8684
2023-04,Morogoro,"TZS 10,000",22692,18650,4042
2023-04,Morogoro,"TZS 20,000",10255,7155,3100
2023-04,Kigoma,TZS 500,7339,5068,2271
2023-04,Kigoma,"TZS 1,000",23297,13643,9654
2023-04,Kigoma,"TZS 2,000",17129,12757,4372
2023-04,Kigoma,"TZS 5,000",25395,18411,6984
2023-04,Kigoma,"TZS 10,000",22032,14595,7437
2023-04,Kigoma,"TZS 20,000",9053,7338,1715
2023-04,Mtwara,TZS 500,7098,5954,1144
2023-04,Mtwara,"TZS 1,000",20647,17363,3284
2023-04,Mtwara,"TZS 2,000",15028,12283,2745
2023-04,Mtwara,"TZS 5,000",21461,18196,3265
2023-04,Mtwara,"TZS 10,000",15188,10876,4312
2023-04,Mtwara,"TZS 20,000",9933,7021,2912
2023-05,Dar es Salaam,TZS 500,84511,64120,20391
2023-05,Dar es Salaam,"TZS 1,000",250761,185128,65633
2023-05,Dar es Salaam,"TZS 2,000",187674,153957,33717
2023-05,Dar es Salaam,"TZS 5,000",193213,122552,70661
2023-05,Dar es Salaam,"TZS 10,000",207778,169771,38007
2023-05,Dar es Salaam,"TZS 20,000",90304,66467,23837
2023-05,Mwanza,TZS 500,26993,16369,10624
2023-05,Mwanza,"TZS 1,000",89407,58651,30756
2023-05,Mwanza,"TZS 2,000",66715,38249,28466
2023-05,Mwanza,"TZS 5,000",90865,76859,14006
2023-05,Mwanza,"TZS 10,000",68951,49012,19939
2023-05,Mwanza,"TZS 20,000",30681,24364,6317
2023-05,Arusha,TZS 500,20034,11996,8038
2023-05,Arusha,"TZS 1,000",66632,53089,13543
2023-05,Arusha,"TZS 2,000",48473,37213,11260
2023-05,Arusha,"TZS 5,000",53977,36460,17517
2023-05,Arusha,"TZS 10,000",48254,39077,9177
2023-05,Arusha,"TZS 20,000",18441,10288,8153
2023-05,Dodoma,TZS 500,15232,12081,3151
2023-05,Dodoma,"TZS 1,000",56659,33719,22940
2023-05,Dodoma,"TZS 2,000",36597,24310,12287
2023-05,Dodoma,"TZS 5,000",49633,39837,9796
2023-05,Dodoma,"TZS 10,000",39204,27074,12130
2023-05,Dodoma,"TZS 20,000",17341,10959,6382
2023-05,Mbeya,TZS 500,12929,10464,2465
2023-05,Mbeya,"TZS 1,000",50983,43331,7652
2023-05,Mbeya,"TZS 2,000",38558,27631,10927
2023-05,Mbeya,"TZS 5,000",44325,36941,7384
2023-05,Mbeya,"TZS 10,000",37078,23144,13934
2023-05,Mbeya,"TZS 20,000",16530,9732,6798
2023-05,Zanzibar,TZS 500,15919,11650,4269
2023-05,Zanzibar,"TZS 1,000",40219,30224,9995
2023-05,Zanzibar,"TZS 2,000",32641,21459,11182
2023-05,Zanzibar,"TZS 5,000",34062,25596,8466
2023-05,Zanzibar,"TZS 10,000",31716,24792,6924
2023-05,Zanzibar,"TZS 20,000",15857,12775,3082
2023-05,Tanga,TZS 500,11933,8571,3362
2023-05,Tanga,"TZS 1,000",40871,27426,13445
2023-05,Tanga,"TZS 2,000",23536,13148,10388
2023-05,Tanga,"TZS 5,000",34788,25607,9181
2023-05,Tanga,"TZS 10,000",28058,17224,10834
2023-05,Tanga,"TZS 20,000",11777,6528,5249
2023-05,Morogoro,TZS 500,10360,7531,2829
2023-05,Morogoro,"TZS 1,000",32801,22345,10456
2023-05,Morogoro,"TZS 2,000",27365,17909,9456
2023-05,Morogoro,"TZS 5,000",29954,23516,6438
2023-05,Morogoro,"TZS 10,000",23648,17419,6229
2023-05,Morogoro,"TZS 20,000",13529,11294,2235
2023-05,Kigoma,TZS 500,8082,6691,1391
2023-05,Kigoma,"TZS 1,000",28180,17682,10498
2023-05,Kigoma,"TZS 2,000",20088,16954,3134
2023-05,Kigoma,"TZS 5,000",24802,16087,8715
2023-05,Kigoma,"TZS 10,000",21152,13157,7995
2023-05,Kigoma,"TZS 20,000",8875,5224,3651
2023-05,Mtwara,TZS 500,7227,4304,2923
2023-05,Mtwara,"TZS 1,000",22668,16825,5843
2023-05,Mtwara,"TZS 2,000",16557,10823,5734
2023-05,Mtwara,"TZS 5,000",25035,17328,7707
2023-05,Mtwara,"TZS 10,000",19224,11567,7657
2023-05,Mtwara,"TZS 20,000",8307,4670,3637
2023-06,Dar es Salaam,TZS 500,74576,47249,27327
2023-06,Dar es Salaam,"TZS 1,000",233677,134740,98937
2023-06,Dar es Salaam,"TZS 2,000",165097,113625,51472
2023-06,Dar es Salaam,"TZS 5,000",207639,136892,70747
2023-06,Dar es Salaam,"TZS 10,000",186490,141195,45295
2023-06,Dar es Salaam,"TZS 20,000",80276,63403,16873
2023-06,Mwanza,TZS 500,30569,17562,13007
2023-06,Mwanza,"TZS 1,000",102310,84534,17776
2023-06,Mwanza,"TZS 2,000",57517,36411,21106
2023-06,Mwanza,"TZS 5,000",88397,68461,19936
2023-06,Mwanza,"TZS 10,000",59970,36749,23221
2023-06,Mwanza,"TZS 20,000",31833,22135,9698
2023-06,Arusha,TZS 500,20005,13216,6789
2023-06,Arusha,"TZS 1,000",59696,46219,13477
2023-06,Arusha,"TZS 2,000",37427,23419,14008
2023-06,Arusha,"TZS 5,000",56530,46273,10257
2023-06,Arusha,"TZS 10,000",43622,30955,12667
2023-06,Arusha,"TZS 20,000",19173,13118,6055
2023-06,Dodoma,TZS 500,16257,10123,6134
2023-06,Dodoma,"TZS 1,000",46829,31056,15773
2023-06,Dodoma,"TZS 2,000",31009,20051,10958
2023-06,Dodoma,"TZS 5,000",40442,26216,14226
2023-06,Dodoma,"TZS 10,000",32092,26224,5868
2023-06,Dodoma,"TZS 20,000",18621,14035,4586
2023-06,Mbeya,TZS 500,16496,11539,4957
2023-06,Mbeya,"TZS 1,000",41558,29553,12005
2023-06,Mbeya,"TZS 2,000",35044,27111,7933
2023-06,Mbeya,"TZS 5,000",40889,24053,16836
2023-06,Mbeya,"TZS 10,000",31939,21045,10894
2023-06,Mbeya,"TZS 20,000",17825,12855,4970
2023-06,Zanzibar,TZS 500,13644,11542,2102
2023-06,Zanzibar,"TZS 1,000",45976,28558,17418
2023-06,Zanzibar,"TZS 2,000",28251,16833,11418
2023-06,Zanzibar,"TZS 5,000",36226,21670,14556
2023-06,Zanzibar,"TZS 10,000",29068,18473,10595
2023-06,Zanzibar,"TZS 20,000",14470,11851,2619
2023-06,Tanga,TZS 500,10453,7393,3060
2023-06,Tanga,"TZS 1,000",36370,30722,5648
2023-06,Tanga,"TZS 2,000",23777,15915,7862
2023-06,Tanga,"TZS 5,000",37522,30379,7143
2023-06,Tanga,"TZS 10,000",29469,18487,10982
2023-06,Tanga,"TZS 20,000",12126,9101,3025
2023-06,Morogoro,TZS 500,12462,8935,3527
2023-06,Morogoro,"TZS 1,000",35241,22342,12899
2023-06,Morogoro,"TZS 2,000",26848,16272,10576
2023-06,Morogoro,"TZS 5,000",28754,19484,9270
2023-06,Morogoro,"TZS 10,000",24896,15503,9393
2023-06,Morogoro,"TZS 20,000",10984,8053,2931
2023-06,Kigoma,TZS 500,8616,6241,2375
2023-06,Kigoma,"TZS 1,000",25768,17891,7877
2023-06,Kigoma,"TZS 2,000",20902,11821,9081
2023-06,Kigoma,"TZS 5,000",24059,14202,9857
2023-06,Kigoma,"TZS 10,000",17988,15235,2753
2023-06,Kigoma,"TZS 20,000",9798,7769,2029
2023-06,Mtwara,TZS 500,7670,5786,1884
2023-06,Mtwara,"TZS 1,000",27895,20326,7569
2023-06,Mtwara,"TZS 2,000",18471,12441,6030
2023-06,Mtwara,"TZS 5,000",21737,18016,3721
2023-06,Mtwara,"TZS 10,000",20477,17190,3287
2023-06,Mtwara,"TZS 20,000",8265,6357,1908
2023-07,Dar es Salaam,TZS 500,92051,55632,36419
2023-07,Dar es Salaam,"TZS 1,000",221165,170813,50352
2023-07,Dar es Salaam,"TZS 2,000",187133,150183,36950
2023-07,Dar es Salaam,"TZS 5,000",199543,157355,42188
2023-07,Dar es Salaam,"TZS 10,000",166659,99844,66815
2023-07,Dar es Salaam,"TZS 20,000",82304,65380,16924
2023-07,Mwanza,TZS 500,30359,21461,8898
2023-07,Mwanza,"TZS 1,000",86564,70390,16174
2023-07,Mwanza,"TZS 2,000",62982,50069,12913
2023-07,Mwanza,"TZS 5,000",78092,51781,26311
2023-07,Mwanza,"TZS 10,000",64353,41212,23141
2023-07,Mwanza,"TZS 20,000",34958,24499,10459
2023-07,Arusha,TZS 500,17457,14312,3145
2023-07,Arusha,"TZS 1,000",57253,40825,16428
2023-07,Arusha,"TZS 2,000",47918,35328,12590
2023-07,Arusha,"TZS 5,000",46202,38437,7765
2023-07,Arusha,"TZS 10,000",44346,28845,15501
2023-07,Arusha,"TZS 20,000",19044,15010,4034
2023-07,Dodoma,TZS 500,16388,11636,4752
2023-07,Dodoma,"TZS 1,000",55274,43477,11797
2023-07,Dodoma,"TZS 2,000",31872,20510,11362
2023-07,Dodoma,"TZS 5,000",40218,31095,9123
2023-07,Dodoma,"TZS 10,000",30611,22069,8542
2023-07,Dodoma,"TZS 20,000",19197,15607,3590
2023-07,Mbeya,TZS 500,14208,11314,2894
2023-07,Mbeya,"TZS 1,000",41164,33093,8071
2023-07,Mbeya,"TZS 2,000",29807,19946,9861
2023-07,Mbeya,"TZS 5,000",44673,26579,18094
2023-07,Mbeya,"TZS 10,000",30832,23638,7194
2023-07,Mbeya,"TZS 20,000",17886,13277,4609
2023-07,Zanzibar,TZS 500,14826,10568,4258
2023-07,Zanzibar,"TZS 1,000",40523,26490,14033
2023-07,Zanzibar,"TZS 2,000",28513,23452,5061
2023-07,Zanzibar,"TZS 5,000",39493,26470,13023
2023-07,Zanzibar,"TZS 10,000",31164,25996,5168
2023-07,Zanzibar,"TZS 20,000",14122,10250,3872
2023-07,Tanga,TZS 500,11771,8633,3138
2023-07,Tanga,"TZS 1,000",31413,25495,5918
2023-07,Tanga,"TZS 2,000",29867,21490,8377
2023-07,Tanga,"TZS 5,000",34221,28292,5929
2023-07,Tanga,"TZS 10,000",28083,16730,11353
2023-07,Tanga,"TZS 20,000",13522,9898,3624
2023-07,Morogoro,TZS 500,10600,8171,2429
2023-07,Morogoro,"TZS 1,000",38314,31711,6603
2023-07,Morogoro,"TZS 2,000",24045,14041,10004
2023-07,Morogoro,"TZS 5,000",34168,27391,6777
2023-07,Morogoro,"TZS 10,000",21657,17894,3763
2023-07,Morogoro,"TZS 20,000",13557,9566,3991
2023-07,Kigoma,TZS 500,9286,6218,3068
2023-07,Kigoma,"TZS 1,000",24474,15921,8553
2023-07,Kigoma,"TZS 2,000",22186,12233,9953
2023-07,Kigoma,"TZS 5,000",23616,15809,7807
2023-07,Kigoma,"TZS 10,000",20566,16986,3580
2023-07,Kigoma,"TZS 20,000",9700,6344,3356
2023-07,Mtwara,TZS 500,8714,5974,2740
2023-07,Mtwara,"TZS 1,000",23322,15992,7330
2023-07,Mtwara,"TZS 2,000",16332,9846,6486
2023-07,Mtwara,"TZS 5,000",22361,15108,7253
2023-07,Mtwara,"TZS 10,000",20582,13557,7025
2023-07,Mtwara,"TZS 20,000",9373,6933,2440
2023-08,Dar es Salaam,TZS 500,66094,49508,16586
2023-08,Dar es Salaam,"TZS 1,000",218512,183183,35329
2023-08,Dar es Salaam,"TZS 2,000",155794,105065,50729
2023-08,Dar es Salaam,"TZS 5,000",186372,158241,28131
2023-08,Dar es Salaam,"TZS 10,000",174264,126971,47293
2023-08,Dar es Salaam,"TZS 20,000",75765,58716,17049
2023-08,Mwanza,TZS 500,25124,20587,4537
2023-08,Mwanza,"TZS 1,000",78392,47600,30792
2023-08,Mwanza,"TZS 2,000",53310,36870,16440
2023-08,Mwanza,"TZS 5,000",77152,43954,33198
2023-08,Mwanza,"TZS 10,000",67038,45987,21051
2023-08,Mwanza,"TZS 20,000",31186,21275,9911
2023-08,Arusha,TZS 500,17522,12578,4944
2023-08,Arusha,"TZS 1,000",50600,30591,20009
2023-08,Arusha,"TZS 2,000",45045,37560,7485
2023-08,Arusha,"TZS 5,000",47777,30157,17620
2023-08,Arusha,"TZS 10,000",42390,28512,13878
2023-08,Arusha,"TZS 20,000",17424,10399,7025
2023-08,Dodoma,TZS 500,16025,11981,4044
2023-08,Dodoma,"TZS 1,000",40358,24884,15474
2023-08,Dodoma,"TZS 2,000",31130,23396,7734
2023-08,Dodoma,"TZS 5,000",35424,20589,14835
2023-08,Dodoma,"TZS 10,000",36909,22276,14633
2023-08,Dodoma,"TZS 20,000",17707,11004,6703
2023-08,Mbeya,TZS 500,12484,7776,4708
2023-08,Mbeya,"TZS 1,000",47300,38157,9143
2023-08,Mbeya,"TZS 2,000",35090,23480,11610
2023-08,Mbeya,"TZS 5,000",40990,25065,15925
2023-08,Mbeya,"TZS 10,000",29946,24522,5424
2023-08,Mbeya,"TZS 20,000",13631,7846,5785
2023-08,Zanzibar,TZS 500,12161,6785,5376
2023-08,Zanzibar,"TZS 1,000",37675,27311,10364
2023-08,Zanzibar,"TZS 2,000",29285,23949,5336
2023-08,Zanzibar,"TZS 5,000",40148,26198,13950
2023-08,Zanzibar,"TZS 10,000",27827,18474,9353
2023-08,Zanzibar,"TZS 20,000",15402,9709,5693
2023-08,Tanga,TZS 500,11596,7802,3794
2023-08,Tanga,"TZS 1,000",35483,24158,11325
2023-08,Tanga,"TZS 2,000",23603,19697,3906
2023-08,Tanga,"TZS 5,000",33176,19641,13535
2023-08,Tanga,"TZS 10,000",27935,19449,8486
2023-08,Tanga,"TZS 20,000",14066,11111,2955
2023-08,Morogoro,TZS 500,10088,5616,4472
2023-08,Morogoro,"TZS 1,000",30011,21382,8629
2023-08,Morogoro,"TZS 2,000",24149,15150,8999
2023-08,Morogoro,"TZS 5,000",25309,20259,5050
2023-08,Morogoro,"TZS 10,000",26594,18820,7774
2023-08,Morogoro,"TZS 20,000",10466,6611,3855
2023-08,Kigoma,TZS 500,7357,6064,1293
2023-08,Kigoma,"TZS 1,000",23793,17201,6592
2023-08,Kigoma,"TZS 2,000",18038,12919,5119
2023-08,Kigoma,"TZS 5,000",24724,19752,4972
2023-08,Kigoma,"TZS 10,000",17645,9762,7883
2023-08,Kigoma,"TZS 20,000",8621,7069,1552
2023-08,Mtwara,TZS 500,8608,6277,2331
2023-08,Mtwara,"TZS 1,000",24916,18674,6242
2023-08,Mtwara,"TZS 2,000",15718,12956,2762
2023-08,Mtwara,"TZS 5,000",20766,13808,6958
2023-08,Mtwara,"TZS 10,000",17513,9878,7635
2023-08,Mtwara,"TZS 20,000",7835,6043,1792
2023-09,Dar es Salaam,TZS 500,62988,46040,16948
2023-09,Dar es Salaam,"TZS 1,000",207811,138566,69245
2023-09,Dar es Salaam,"TZS 2,000",151730,99641,52089
2023-09,Dar es Salaam,"TZS 5,000",211011,134864,76147
2023-09,Dar es Salaam,"TZS 10,000",165227,114471,50756
2023-09,Dar es Salaam,"TZS 20,000",84977,70620,14357
2023-09,Mwanza,TZS 500,27386,16828,10558
2023-09,Mwanza,"TZS 1,000",68748,43220,25528
2023-09,Mwanza,"TZS 2,000",59242,33497,25745
2023-09,Mwanza,"TZS 5,000",70323,51269,19054
2023-09,Mwanza,"TZS 10,000",54735,42763,11972
2023-09,Mwanza,"TZS 20,000",25401,14543,10858
2023-09,Arusha,TZS 500,17950,12540,5410
2023-09,Arusha,"TZS 1,000",55467,37742,17725
2023-09,Arusha,"TZS 2,000",34924,27790,7134
2023-09,Arusha,"TZS 5,000",50349,38185,12164
2023-09,Arusha,"TZS 10,000",35216,25604,9612
2023-09,Arusha,"TZS 20,000",18111,10458,7653
2023-09,Dodoma,TZS 500,15752,9310,6442
2023-09,Dodoma,"TZS 1,000",49659,33956,15703
2023-09,Dodoma,"TZS 2,000",28524,20325,8199
2023-09,Dodoma,"TZS 5,000",42807,32947,9860
2023-09,Dodoma,"TZS 10,000",34397,25716,8681
2023-09,Dodoma,"TZS 20,000",16658,13405,3253
2023-09,Mbeya,TZS 500,12208,8506,3702
2023-09,Mbeya,"TZS 1,000",37799,31989,5810
2023-09,Mbeya,"TZS 2,000",33656,18908,14748
2023-09,Mbeya,"TZS 5,000",38538,31893,6645
2023-09,Mbeya,"TZS 10,000",26853,19344,7509
2023-09,Mbeya,"TZS 20,000",16701,9355,7346
2023-09,Zanzibar,TZS 500,13134,8395,4739
2023-09,Zanzibar,"TZS 1,000",43683,36751,6932
2023-09,Zanzibar,"TZS 2,000",31618,21888,9730
2023-09,Zanzibar,"TZS 5,000",37803,30369,7434
2023-09,Zanzibar,"TZS 10,000",26385,21073,5312
2023-09,Zanzibar,"TZS 20,000",12012,8755,3257
2023-09,Tanga,TZS 500,9557,5602,3955
2023-09,Tanga,"TZS 1,000",28375,21533,6842
2023-09,Tanga,"TZS 2,000",22275,17094,5181
2023-09,Tanga,"TZS 5,000",24870,16030,8840
2023-09,Tanga,"TZS 10,000",23677,18638,5039
2023-09,Tanga,"TZS 20,000",11063,8161,2902
2023-09,Morogoro,TZS 500,10711,7870,2841
2023-09,Morogoro,"TZS 1,000",27596,15379,12217
2023-09,Morogoro,"TZS 2,000",23998,13352,10646
2023-09,Morogoro,"TZS 5,000",29367,20811,8556
2023-09,Morogoro,"TZS 10,000",24445,19302,5143
2023-09,Morogoro,"TZS 20,000",12413,8133,4280
2023-09,Kigoma,TZS 500,8641,5794,2847
2023-09,Kigoma,"TZS 1,000",24849,18344,6505
2023-09,Kigoma,"TZS 2,000",20017,16918,3099
2023-09,Kigoma,"TZS 5,000",23770,16052,7718
2023-09,Kigoma,"TZS 10,000",17575,13555,4020
2023-09,Kigoma,"TZS 20,000",8294,4836,3458
2023-09,Mtwara,TZS 500,6885,4380,2505
2023-09,Mtwara,"TZS 1,000",21125,13099,8026
2023-09,Mtwara,"TZS 2,000",13974,7760,6214
2023-09,Mtwara,"TZS 5,000",22697,15396,7301
2023-09,Mtwara,"TZS 10,000",15637,11788,3849
2023-09,Mtwara,"TZS 20,000",7415,6191,1224
2023-10,Dar es Salaam,TZS 500,72321,41716,30605
2023-10,Dar es Salaam,"TZS 1,000",202978,165170,37808
2023-10,Dar es Salaam,"TZS 2,000",169842,117228,52614
2023-10,Dar es Salaam,"TZS 5,000",189381,113649,75732
2023-10,Dar es Salaam,"TZS 10,000",171930,106510,65420
2023-10,Dar es Salaam,"TZS 20,000",84876,63223,21653
2023-10,Mwanza,TZS 500,24445,17204,7241
2023-10,Mwanza,"TZS 1,000",68020,41013,27007
2023-10,Mwanza,"TZS 2,000",48812,29576,19236
2023-10,Mwanza,"TZS 5,000",70581,46233,24348
2023-10,Mwanza,"TZS 10,000",46212,38851,7361
2023-10,Mwanza,"TZS 20,000",29707,24607,5100
2023-10,Arusha,TZS 500,17847,10746,7101
2023-10,Arusha,"TZS 1,000",47050,36580,10470
2023-10,Arusha,"TZS 2,000",37021,22070,14951
2023-10,Arusha,"TZS 5,000",46784,28881,17903
2023-10,Arusha,"TZS 10,000",32067,22802,9265
2023-10,Arusha,"TZS 20,000",17969,13010,4959
2023-10,Dodoma,TZS 500,11362,9240,2122
2023-10,Dodoma,"TZS 1,000",37622,22153,15469
2023-10,Dodoma,"TZS 2,000",32535,27221,5314
2023-10,Dodoma,"TZS 5,000",39481,31302,8179
2023-10,Dodoma,"TZS 10,000",30494,21811,8683
2023-10,Dodoma,"TZS 20,000",12763,8583,4180
2023-10,Mbeya,TZS 500,11743,7373,4370
2023-10,Mbeya,"TZS 1,000",40713,28448,12265
2023-10,Mbeya,"TZS 2,000",24019,14797,9222
2023-10,Mbeya,"TZS 5,000",35423,20291,15132
2023-10,Mbeya,"TZS 10,000",30367,21212,9155
2023-10,Mbeya,"TZS 20,000",13656,9937,3719
2023-10,Zanzibar,TZS 500,12587,8236,4351
2023-10,Zanzibar,"TZS 1,000",37757,27174,10583
2023-10,Zanzibar,"TZS 2,000",24003,19528,4475
2023-10,Zanzibar,"TZS 5,000",34356,25682,8674
2023-10,Zanzibar,"TZS 10,000",28521,23107,5414
2023-10,Zanzibar,"TZS 20,000",13710,10983,2727
2023-10,Tanga,TZS 500,10189,7682,2507
2023-10,Tanga,"TZS 1,000",31132,24152,6980
2023-10,Tanga,"TZS 2,000",19428,15819,3609
2023-10,Tanga,"TZS 5,000",29406,16431,12975
2023-10,Tanga,"TZS 10,000",23760,13986,9774
2023-10,Tanga,"TZS 20,000",10287,7952,2335
2023-10,Morogoro,TZS 500,7976,6344,1632
2023-10,Morogoro,"TZS 1,000",30515,21428,9087
2023-10,Morogoro,"TZS 2,000",17021,10827,6194
2023-10,Morogoro,"TZS 5,000",25276,21341,3935
2023-10,Morogoro,"TZS 10,000",20770,13042,7728
2023-10,Morogoro,"TZS 20,000",10391,7398,2993
2023-10,Kigoma,TZS 500,8021,4668,3353
2023-10,Kigoma,"TZS 1,000",24935,17763,7172
2023-10,Kigoma,"TZS 2,000",18962,12373,6589
2023-10,Kigoma,"TZS 5,000",21159,17553,3606
2023-10,Kigoma,"TZS 10,000",14664,12188,2476
2023-10,Kigoma,"TZS 20,000",8794,5015,3779
2023-10,Mtwara,TZS 500,6262,4774,1488
2023-10,Mtwara,"TZS 1,000",18111,13124,4987
2023-10,Mtwara,"TZS 2,000",14292,10522,3770
2023-10,Mtwara,"TZS 5,000",15819,12836,2983
2023-10,Mtwara,"TZS 10,000",17113,14386,2727
2023-10,Mtwara,"TZS 20,000",8053,4743,3310
2023-11,Dar es Salaam,TZS 500,67500,37622,29878
2023-11,Dar es Salaam,"TZS 1,000",167705,108519,59186
2023-11,Dar es Salaam,"TZS 2,000",140475,109728,30747
2023-11,Dar es Salaam,"TZS 5,000",181752,124276,57476
2023-11,Dar es Salaam,"TZS 10,000",131383,111562,19821
2023-11,Dar es Salaam,"TZS 20,000",68917,47236,21681
2023-11,Mwanza,TZS 500,20026,15789,4237
2023-11,Mwanza,"TZS 1,000",73652,45386,28266
2023-11,Mwanza,"TZS 2,000",43838,33060,10778
2023-11,Mwanza,"TZS 5,000",64094,40505,23589
2023-11,Mwanza,"TZS 10,000",56896,33871,23025
2023-11,Mwanza,"TZS 20,000",24550,20452,4098
2023-11,Arusha,TZS 500,14265,10578,3687
2023-11,Arusha,"TZS 1,000",44276,27994,16282
2023-11,Arusha,"TZS 2,000",37664,25340,12324
2023-11,Arusha,"TZS 5,000",44951,27824,17127
2023-11,Arusha,"TZS 10,000",30058,16812,13246
2023-11,Arusha,"TZS 20,000",17193,11356,5837
2023-11,Dodoma,TZS 500,13512,9349,4163
2023-11,Dodoma,"TZS 1,000",43413,26293,17120
2023-11,Dodoma,"TZS 2,000",30439,23833,6606
2023-11,Dodoma,"TZS 5,000",36221,29101,7120
2023-11,Dodoma,"TZS 10,000",29554,21806,7748
2023-11,Dodoma,"TZS 20,000",12187,6821,5366
2023-11,Mbeya,TZS 500,12935,9507,3428
2023-11,Mbeya,"TZS 1,000",39084,27142,11942
2023-11,Mbeya,"TZS 2,000",22875,13440,9435
2023-11,Mbeya,"TZS 5,000",33342,22642,10700
2023-11,Mbeya,"TZS 10,000",23520,16404,7116
2023-11,Mbeya,"TZS 20,000",11231,8137,3094
2023-11,Zanzibar,TZS 500,10041,7925,2116
2023-11,Zanzibar,"TZS 1,000",31798,21831,9967
2023-11,Zanzibar,"TZS 2,000",20718,11845,8873
2023-11,Zanzibar,"TZS 5,000",28713,19926,8787
2023-11,Zanzibar,"TZS 10,000",25004,15940,9064
2023-11,Zanzibar,"TZS 20,000",12847,10380,2467
2023-11,Tanga,TZS 500,9808,5510,4298
2023-11,Tanga,"TZS 1,000",28112,16346,11766
2023-11,Tanga,"TZS 2,000",18784,15891,2893
2023-11,Tanga,"TZS 5,000",22215,15543,6672
2023-11,Tanga,"TZS 10,000",21081,16037,5044
2023-11,Tanga,"TZS 20,000",10362,5729,4633
2023-11,Morogoro,TZS 500,7918,5584,2334
2023-11,Morogoro,"TZS 1,000",22875,14987,7888
2023-11,Morogoro,"TZS 2,000",16162,9270,6892
2023-11,Morogoro,"TZS 5,000",22260,13129,9131
2023-11,Morogoro,"TZS 10,000",19174,14511,4663
2023-11,Morogoro,"TZS 20,000",10244,6249,3995
2023-11,Kigoma,TZS 500,6266,3642,2624
2023-11,Kigoma,"TZS 1,000",22642,17251,5391
2023-11,Kigoma,"TZS 2,000",13460,11183,2277
2023-11,Kigoma,"TZS 5,000",16569,11803,4766
2023-11,Kigoma,"TZS 10,000",16644,13503,3141
2023-11,Kigoma,"TZS 20,000",8333,6587,1746
2023-11,Mtwara,TZS 500,5962,4736,1226
2023-11,Mtwara,"TZS 1,000",17111,14004,3107
2023-11,Mtwara,"TZS 2,000",14296,11368,2928
2023-11,Mtwara,"TZS 5,000",16981,12618,4363
2023-11,Mtwara,"TZS 10,000",14207,10931,3276
2023-11,Mtwara,"TZS 20,000",6163,3501,2662
2023-12,Dar es Salaam,TZS 500,56556,33812,22744
2023-12,Dar es Salaam,"TZS 1,000",212581,130899,81682
2023-12,Dar es Salaam,"TZS 2,000",157357,102450,54907
2023-12,Dar es Salaam,"TZS 5,000",152250,119806,32444
2023-12,Dar es Salaam,"TZS 10,000",144256,100901,43355
2023-12,Dar es Salaam,"TZS 20,000",69993,53597,16396
2023-12,Mwanza,TZS 500,19987,16966,3021
2023-12,Mwanza,"TZS 1,000",77685,57882,19803
2023-12,Mwanza,"TZS 2,000",44546,33590,10956
2023-12,Mwanza,"TZS 5,000",52160,29167,22993
2023-12,Mwanza,"TZS 10,000",45400,31270,14130
2023-12,Mwanza,"TZS 20,000",27184,20881,6303
2023-12,Arusha,TZS 500,15319,10380,4939
2023-12,Arusha,"TZS 1,000",42562,28146,14416
2023-12,Arusha,"TZS 2,000",36830,20699,16131
2023-12,Arusha,"TZS 5,000",43593,31544,12049
2023-12,Arusha,"TZS 10,000",31538,24207,7331
2023-12,Arusha,"TZS 20,000",16000,12992,3008
2023-12,Dodoma,TZS 500,13330,9017,4313
2023-12,Dodoma,"TZS 1,000",34697,25249,9448
2023-12,Dodoma,"TZS 2,000",30087,18449,11638
2023-12,Dodoma,"TZS 5,000",33932,25091,8841
2023-12,Dodoma,"TZS 10,000",28647,16886,11761
2023-12,Dodoma,"TZS 20,000",14254,11726,2528
2023-12,Mbeya,TZS 500,10141,6300,3841
2023-12,Mbeya,"TZS 1,000",40020,24183,15837
2023-12,Mbeya,"TZS 2,000",27928,19484,8444
2023-12,Mbeya,"TZS 5,000",28515,23132,5383
2023-12,Mbeya,"TZS 10,000",24830,17491,7339
2023-12,Mbeya,"TZS 20,000",12089,8799,3290
2023-12,Zanzibar,TZS 500,9476,6323,3153
2023-12,Zanzibar,"TZS 1,000",37575,23576,13999
2023-12,Zanzibar,"TZS 2,000",24830,16078,8752
2023-12,Zanzibar,"TZS 5,000",31362,18480,12882
2023-12,Zanzibar,"TZS 10,000",27057,18564,8493
2023-12,Zanzibar,"TZS 20,000",10918,6245,4673
2023-12,Tanga,TZS 500,7964,5622,2342
2023-12,Tanga,"TZS 1,000",26274,20984,5290
2023-12,Tanga,"TZS 2,000",19477,12165,7312
2023-12,Tanga,"TZS 5,000",25164,19175,5989
2023-12,Tanga,"TZS 10,000",17903,10746,7157
2023-12,Tanga,"TZS 20,000",8562,6600,1962
2023-12,Morogoro,TZS 500,8560,5926,2634
2023-12,Morogoro,"TZS 1,000",28132,22272,5860
2023-12,Morogoro,"TZS 2,000",18830,15261,3569
2023-12,Morogoro,"TZS 5,000",20459,11939,8520
2023-12,Morogoro,"TZS 10,000",17091,9692,7399
2023-12,Morogoro,"TZS 20,000",9265,7699,1566
2023-12,Kigoma,TZS 500,5860,3437,2423
2023-12,Kigoma,"TZS 1,000",20945,17387,3558
2023-12,Kigoma,"TZS 2,000",14456,10150,4306
2023-12,Kigoma,"TZS 5,000",16128,9588,6540
2023-12,Kigoma,"TZS 10,000",17533,14719,2814
2023-12,Kigoma,"TZS 20,000",6513,5441,1072
2023-12,Mtwara,TZS 500,6375,5166,1209
2023-12,Mtwara,"TZS 1,000",18865,13293,5572
2023-12,Mtwara,"TZS 2,000",13723,10293,3430
2023-12,Mtwara,"TZS 5,000",15010,8390,6620
2023-12,Mtwara,"TZS 10,000",12976,9879,3097
2023-12,Mtwara,"TZS 20,000",6269,4714,1555
2024-01,Dar es Salaam,TZS 500,71478,41326,30152
2024-01,Dar es Salaam,"TZS 1,000",205908,140660,65248
2024-01,Dar es Salaam,"TZS 2,000",156523,94406,62117
2024-01,Dar es Salaam,"TZS 5,000",182234,146048,36186
2024-01,Dar es Salaam,"TZS 10,000",159756,120611,39145
2024-01,Dar es Salaam,"TZS 20,000",70418,51782,18636
2024-01,Mwanza,TZS 500,24739,17841,6898
2024-01,Mwanza,"TZS 1,000",59801,49592,10209
2024-01,Mwanza,"TZS 2,000",52967,39881,13086
2024-01,Mwanza,"TZS 5,000",56029,41890,14139
2024-01,Mwanza,"TZS 10,000",48521,36166,12355
2024-01,Mwanza,"TZS 20,000",22101,16517,5584
2024-01,Arusha,TZS 500,16807,9486,7321
2024-01,Arusha,"TZS 1,000",52219,35094,17125
2024-01,Arusha,"TZS 2,000",36547,28679,7868
2024-01,Arusha,"TZS 5,000",41006,31637,9369
2024-01,Arusha,"TZS 10,000",36624,24583,12041
2024-01,Arusha,"TZS 20,000",15591,11697,3894
2024-01,Dodoma,TZS 500,13306,10361,2945
2024-01,Dodoma,"TZS 1,000",41467,28225,13242
2024-01,Dodoma,"TZS 2,000",30021,17594,12427
2024-01,Dodoma,"TZS 5,000",33945,18728,15217
2024-01,Dodoma,"TZS 10,000",25965,17135,8830
2024-01,Dodoma,"TZS 20,000",13277,10072,3205
2024-01,Mbeya,TZS 500,11101,7599,3502
2024-01,Mbeya,"TZS 1,000",33065,21888,11177
2024-01,Mbeya,"TZS 2,000",23727,13570,10157
2024-01,Mbeya,"TZS 5,000",32564,24438,8126
2024-01,Mbeya,"TZS 10,000",26768,18444,8324
2024-01,Mbeya,"TZS 20,000",12454,10075,2379
2024-01,Zanzibar,TZS 500,10850,7527,3323
2024-01,Zanzibar,"TZS 1,000",28918,18865,10053
2024-01,Zanzibar,"TZS 2,000",23403,15671,7732
2024-01,Zanzibar,"TZS 5,000",30383,21574,8809
2024-01,Zanzibar,"TZS 10,000",25061,19534,5527
2024-01,Zanzibar,"TZS 20,000",13277,10162,3115
2024-01,Tanga,TZS 500,10285,5713,4572
2024-01,Tanga,"TZS 1,000",25697,14191,11506
2024-01,Tanga,"TZS 2,000",21261,17421,3840
2024-01,Tanga,"TZS 5,000",22969,19020,3949
2024-01,Tanga,"TZS 10,000",17674,14675,2999
2024-01,Tanga,"TZS 20,000",9726,5645,4081
2024-01,Morogoro,TZS 500,8317,5215,3102
2024-01,Morogoro,"TZS 1,000",24418,15680,8738
2024-01,Morogoro,"TZS 2,000",20502,14592,5910
2024-01,Morogoro,"TZS 5,000",21670,15886,5784
2024-01,Morogoro,"TZS 10,000",20012,12643,7369
2024-01,Morogoro,"TZS 20,000",9153,5368,3785
2024-01,Kigoma,TZS 500,6294,4747,1547
2024-01,Kigoma,"TZS 1,000",19673,13919,5754
2024-01,Kigoma,"TZS 2,000",16643,9687,6956
2024-01,Kigoma,"TZS 5,000",19528,12243,7285
2024-01,Kigoma,"TZS 10,000",17836,12397,5439
2024-01,Kigoma,"TZS 20,000",8549,6113,2436
2024-01,Mtwara,TZS 500,5406,4000,1406
2024-01,Mtwara,"TZS 1,000",22228,16237,5991
2024-01,Mtwara,"TZS 2,000",15445,12591,2854
2024-01,Mtwara,"TZS 5,000",15822,9708,6114
2024-01,Mtwara,"TZS 10,000",14564,9806,4758
2024-01,Mtwara,"TZS 20,000",7766,6368,1398
2024-02,Dar es Salaam,TZS 500,63671,39543,24128
2024-02,Dar es Salaam,"TZS 1,000",225640,142704,82936
2024-02,Dar es Salaam,"TZS 2,000",164353,111286,53067
2024-02,Dar es Salaam,"TZS 5,000",192356,111308,81048
2024-02,Dar es Salaam,"TZS 10,000",155418,106543,48875
2024-02,Dar es Salaam,"TZS 20,000",76871,46153,30718
2024-02,Mwanza,TZS 500,25362,20513,4849
2024-02,Mwanza,"TZS 1,000",67711,39185,28526
2024-02,Mwanza,"TZS 2,000",45665,33910,11755
2024-02,Mwanza,"TZS 5,000",67212,47989,19223
2024-02,Mwanza,"TZS 10,000",48995,32692,16303
2024-02,Mwanza,"TZS 20,000",27395,19149,8246
2024-02,Arusha,TZS 500,17814,10526,7288
2024-02,Arusha,"TZS 1,000",51405,34507,16898
2024-02,Arusha,"TZS 2,000",34211,26180,8031
2024-02,Arusha,"TZS 5,000",45202,38303,6899
2024-02,Arusha,"TZS 10,000",31067,18057,13010
2024-02,Arusha,"TZS 20,000",18659,13500,5159
2024-02,Dodoma,TZS 500,12072,6927,5145
2024-02,Dodoma,"TZS 1,000",35438,28997,6441
2024-02,Dodoma,"TZS 2,000",26444,17109,9335
2024-02,Dodoma,"TZS 5,000",32692,21462,11230
2024-02,Dodoma,"TZS 10,000",25373,17906,7467
2024-02,Dodoma,"TZS 20,000",12678,10016,2662
2024-02,Mbeya,TZS 500,11234,7998,3236
2024-02,Mbeya,"TZS 1,000",42506,31678,10828
2024-02,Mbeya,"TZS 2,000",27744,17958,9786
2024-02,Mbeya,"TZS 5,000",31895,23948,7947
2024-02,Mbeya,"TZS 10,000",31545,23613,7932
2024-02,Mbeya,"TZS 20,000",13974,10748,3226
2024-02,Zanzibar,TZS 500,11350,6447,4903
2024-02,Zanzibar,"TZS 1,000",36513,30571,5942
2024-02,Zanzibar,"TZS 2,000",23293,17632,5661
2024-02,Zanzibar,"TZS 5,000",28712,20407,8305
2024-02,Zanzibar,"TZS 10,000",22684,15541,7143
2024-02,Zanzibar,"TZS 20,000",13895,9091,4804
2024-02,Tanga,TZS 500,10095,7961,2134
2024-02,Tanga,"TZS 1,000",33915,21040,12875
2024-02,Tanga,"TZS 2,000",20991,12504,8487
2024-02,Tanga,"TZS 5,000",30363,25143,5220
2024-02,Tanga,"TZS 10,000",21904,17580,4324
2024-02,Tanga,"TZS 20,000",10890,8026,2864
2024-02,Morogoro,TZS 500,7785,6045,1740
2024-02,Morogoro,"TZS 1,000",24650,19666,4984
2024-02,Morogoro,"TZS 2,000",21670,16526,5144
2024-02,Morogoro,"TZS 5,000",21021,13473,7548
2024-02,Morogoro,"TZS 10,000",18560,12213,6347
2024-02,Morogoro,"TZS 20,000",8754,7275,1479
2024-02,Kigoma,TZS 500,7519,4824,2695
2024-02,Kigoma,"TZS 1,000",22410,15332,7078
2024-02,Kigoma,"TZS 2,000",17152,12087,5065
2024-02,Kigoma,"TZS 5,000",22910,16016,6894
2024-02,Kigoma,"TZS 10,000",19108,15390,3718
2024-02,Kigoma,"TZS 20,000",7597,6299,1298
2024-02,Mtwara,TZS 500,5893,4686,1207
2024-02,Mtwara,"TZS 1,000",20067,16322,3745
2024-02,Mtwara,"TZS 2,000",16639,13174,3465
2024-02,Mtwara,"TZS 5,000",19908,12769,7139
2024-02,Mtwara,"TZS 10,000",13101,8789,4312
2024-02,Mtwara,"TZS 20,000",6758,5125,1633
2024-03,Dar es Salaam,TZS 500,68675,57871,10804
2024-03,Dar es Salaam,"TZS 1,000",234515,186848,47667
2024-03,Dar es Salaam,"TZS 2,000",144140,116552,27588
2024-03,Dar es Salaam,"TZS 5,000",223111,155311,67800
2024-03,Dar es Salaam,"TZS 10,000",167163,130294,36869
2024-03,Dar es Salaam,"TZS 20,000",73098,51224,21874
2024-03,Mwanza,TZS 500,24821,14741,10080
2024-03,Mwanza,"TZS 1,000",76820,43822,32998
2024-03,Mwanza,"TZS 2,000",49406,29176,20230
2024-03,Mwanza,"TZS 5,000",80180,57317,22863
2024-03,Mwanza,"TZS 10,000",65649,44624,21025
2024-03,Mwanza,"TZS 20,000",27174,19071,8103
2024-03,Arusha,TZS 500,16495,9595,6900
2024-03,Arusha,"TZS 1,000",54718,33641,21077
2024-03,Arusha,"TZS 2,000",39156,29173,9983
2024-03,Arusha,"TZS 5,000",41377,23518,17859
2024-03,Arusha,"TZS 10,000",40983,28193,12790
2024-03,Arusha,"TZS 20,000",16394,13909,2485
2024-03,Dodoma,TZS 500,12142,9209,2933
2024-03,Dodoma,"TZS 1,000",50098,31148,18950
2024-03,Dodoma,"TZS 2,000",28119,16489,11630
2024-03,Dodoma,"TZS 5,000",36227,21023,15204
2024-03,Dodoma,"TZS 10,000",33315,18945,14370
2024-03,Dodoma,"TZS 20,000",15794,13409,2385
2024-03,Mbeya,TZS 500,14443,10609,3834
2024-03,Mbeya,"TZS 1,000",38852,28640,10212
2024-03,Mbeya,"TZS 2,000",29940,20294,9646
2024-03,Mbeya,"TZS 5,000",32278,26338,5940
2024-03,Mbeya,"TZS 10,000",29252,17796,11456
2024-03,Mbeya,"TZS 20,000",14260,9614,4646
2024-03,Zanzibar,TZS 500,13618,10487,3131
2024-03,Zanzibar,"TZS 1,000",41880,23172,18708
2024-03,Zanzibar,"TZS 2,000",27198,18886,8312
2024-03,Zanzibar,"TZS 5,000",29181,18324,10857
2024-03,Zanzibar,"TZS 10,000",30078,17780,12298
2024-03,Zanzibar,"TZS 20,000",14097,8663,5434
2024-03,Tanga,TZS 500,8877,5524,3353
2024-03,Tanga,"TZS 1,000",37139,29356,7783
2024-03,Tanga,"TZS 2,000",26626,18541,8085
2024-03,Tanga,"TZS 5,000",25251,18039,7212
2024-03,Tanga,"TZS 10,000",23079,18539,4540
2024-03,Tanga,"TZS 20,000",10289,7166,3123
2024-03,Morogoro,TZS 500,8592,5562,3030
2024-03,Morogoro,"TZS 1,000",32136,22263,9873
2024-03,Morogoro,"TZS 2,000",20795,13898,6897
2024-03,Morogoro,"TZS 5,000",26078,20484,5594
2024-03,Morogoro,"TZS 10,000",24140,20195,3945
2024-03,Morogoro,"TZS 20,000",11729,7560,4169
2024-03,Kigoma,TZS 500,8451,5757,2694
2024-03,Kigoma,"TZS 1,000",23160,18580,4580
2024-03,Kigoma,"TZS 2,000",15507,12723,2784
2024-03,Kigoma,"TZS 5,000",21745,16116,5629
2024-03,Kigoma,"TZS 10,000",18860,15437,3423
2024-03,Kigoma,"TZS 20,000",9369,6878,2491
2024-03,Mtwara,TZS 500,6263,4418,1845
2024-03,Mtwara,"TZS 1,000",20138,15531,4607
2024-03,Mtwara,"TZS 2,000",16259,12260,3999
2024-03,Mtwara,"TZS 5,000",17077,9826,7251
2024-03,Mtwara,"TZS 10,000",17251,9861,7390
2024-03,Mtwara,"TZS 20,000",7058,3907,3151
2024-04,Dar es Salaam,TZS 500,87999,67869,20130
2024-04,Dar es Salaam,"TZS 1,000",231226,147744,83482
2024-04,Dar es Salaam,"TZS 2,000",166297,130110,36187
2024-04,Dar es Salaam,"TZS 5,000",223154,135132,88022
2024-04,Dar es Salaam,"TZS 10,000",157123,91055,66068
2024-04,Dar es Salaam,"TZS 20,000",91262,71121,20141
2024-04,Mwanza,TZS 500,25580,14229,11351
2024-04,Mwanza,"TZS 1,000",75220,63211,12009
2024-04,Mwanza,"TZS 2,000",58120,45378,12742
2024-04,Mwanza,"TZS 5,000",78510,52176,26334
2024-04,Mwanza,"TZS 10,000",56452,33104,23348
2024-04,Mwanza,"TZS 20,000",32028,25058,6970
2024-04,Arusha,TZS 500,18839,13358,5481
2024-04,Arusha,"TZS 1,000",48682,40919,7763
2024-04,Arusha,"TZS 2,000",44276,28241,16035
2024-04,Arusha,"TZS 5,000",56816,41507,15309
2024-04,Arusha,"TZS 10,000",41639,32246,9393
2024-04,Arusha,"TZS 20,000",22217,16594,5623
2024-04,Dodoma,TZS 500,13370,8710,4660
2024-04,Dodoma,"TZS 1,000",53071,32765,20306
2024-04,Dodoma,"TZS 2,000",32563,22130,10433
2024-04,Dodoma,"TZS 5,000",40635,29821,10814
2024-04,Dodoma,"TZS 10,000",38363,23869,14494
2024-04,Dodoma,"TZS 20,000",15008,9143,5865
2024-04,Mbeya,TZS 500,15837,11778,4059
2024-04,Mbeya,"TZS 1,000",41495,32979,8516
2024-04,Mbeya,"TZS 2,000",35388,28450,6938
2024-04,Mbeya,"TZS 5,000",43926,27483,16443
2024-04,Mbeya,"TZS 10,000",34370,23652,10718
2024-04,Mbeya,"TZS 20,000",17601,13527,4074
2024-04,Zanzibar,TZS 500,14435,10780,3655
2024-04,Zanzibar,"TZS 1,000",37625,26845,10780
2024-04,Zanzibar,"TZS 2,000",34353,28554,5799
2024-04,Zanzibar,"TZS 5,000",31633,18962,12671
2024-04,Zanzibar,"TZS 10,000",26678,20483,6195
2024-04,Zanzibar,"TZS 20,000",16425,10085,6340
2024-04,Tanga,TZS 500,11199,8983,2216
2024-04,Tanga,"TZS 1,000",37377,26637,10740
2024-04,Tanga,"TZS 2,000",25836,18150,7686
2024-04,Tanga,"TZS 5,000",28877,20777,8100
2024-04,Tanga,"TZS 10,000",26580,21582,4998
2024-04,Tanga,"TZS 20,000",13091,10189,2902
2024-04,Morogoro,TZS 500,9267,6380,2887
2024-04,Morogoro,"TZS 1,000",27502,17161,10341
2024-04,Morogoro,"TZS 2,000",24797,21016,3781
2024-04,Morogoro,"TZS 5,000",24967,16739,8228
2024-04,Morogoro,"TZS 10,000",25310,15469,9841
2024-04,Morogoro,"TZS 20,000",11801,9085,2716
2024-04,Kigoma,TZS 500,8899,5396,3503
2024-04,Kigoma,"TZS 1,000",25709,20185,5524
2024-04,Kigoma,"TZS 2,000",19664,10846,8818
2024-04,Kigoma,"TZS 5,000",25501,14295,11206
2024-04,Kigoma,"TZS 10,000",20776,12688,8088
2024-04,Kigoma,"TZS 20,000",11004,7266,3738
2024-04,Mtwara,TZS 500,7338,4363,2975
2024-04,Mtwara,"TZS 1,000",22776,18516,4260
2024-04,Mtwara,"TZS 2,000",20008,13215,6793
2024-04,Mtwara,"TZS 5,000",20956,16065,4891
2024-04,Mtwara,"TZS 10,000",19432,14144,5288
2024-04,Mtwara,"TZS 20,000",8424,5675,2749
2024-05,Dar es Salaam,TZS 500,86127,47453,38674
2024-05,Dar es Salaam,"TZS 1,000",263349,172927,90422
2024-05,Dar es Salaam,"TZS 2,000",199199,115116,84083
2024-05,Dar es Salaam,"TZS 5,000",229640,159437,70203
2024-05,Dar es Salaam,"TZS 10,000",190859,108685,82174
2024-05,Dar es Salaam,"TZS 20,000",93718,67331,26387
2024-05,Mwanza,TZS 500,29451,21530,7921
2024-05,Mwanza,"TZS 1,000",95177,75332,19845
2024-05,Mwanza,"TZS 2,000",60588,48319,12269
2024-05,Mwanza,"TZS 5,000",79503,45564,33939
2024-05,Mwanza,"TZS 10,000",56463,36716,19747
2024-05,Mwanza,"TZS 20,000",35322,26926,8396
2024-05,Arusha,TZS 500,20625,14544,6081
2024-05,Arusha,"TZS 1,000",58255,34617,23638
2024-05,Arusha,"TZS 2,000",40508,27553,12955
2024-05,Arusha,"TZS 5,000",45758,28195,17563
2024-05,Arusha,"TZS 10,000",43968,33886,10082
2024-05,Arusha,"TZS 20,000",24547,20372,4175
2024-05,Dodoma,TZS 500,16495,11156,5339
2024-05,Dodoma,"TZS 1,000",51452,40425,11027
2024-05,Dodoma,"TZS 2,000",31516,21209,10307
2024-05,Dodoma,"TZS 5,000",47935,31883,16052
2024-05,Dodoma,"TZS 10,000",36359,26408,9951
2024-05,Dodoma,"TZS 20,000",16111,10611,5500
2024-05,Mbeya,TZS 500,14174,7907,6267
2024-05,Mbeya,"TZS 1,000",39955,31944,8011
2024-05,Mbeya,"TZS 2,000",31273,22060,9213
2024-05,Mbeya,"TZS 5,000",38538,32071,6467
2024-05,Mbeya,"TZS 10,000",31134,21136,9998
2024-05,Mbeya,"TZS 20,000",18655,14972,3683
2024-05,Zanzibar,TZS 500,12691,10035,2656
2024-05,Zanzibar,"TZS 1,000",43234,30042,13192
2024-05,Zanzibar,"TZS 2,000",28058,16110,11948
2024-05,Zanzibar,"TZS 5,000",41164,28771,12393
2024-05,Zanzibar,"TZS 10,000",30927,23778,7149
2024-05,Zanzibar,"TZS 20,000",17017,10170,6847
2024-05,Tanga,TZS 500,12139,7169,4970
2024-05,Tanga,"TZS 1,000",39491,29503,9988
2024-05,Tanga,"TZS 2,000",30061,17155,12906
2024-05,Tanga,"TZS 5,000",28021,17783,10238
2024-05,Tanga,"TZS 10,000",24549,15320,9229
2024-05,Tanga,"TZS 20,000",14831,9267,5564
2024-05,Morogoro,TZS 500,10104,7859,2245
2024-05,Morogoro,"TZS 1,000",33386,26141,7245
2024-05,Morogoro,"TZS 2,000",21223,14776,6447
2024-05,Morogoro,"TZS 5,000",25655,14592,11063
2024-05,Morogoro,"TZS 10,000",27381,16203,11178
2024-05,Morogoro,"TZS 20,000",12321,8296,4025
2024-05,Kigoma,TZS 500,8625,7072,1553
2024-05,Kigoma,"TZS 1,000",24195,18125,6070
2024-05,Kigoma,"TZS 2,000",23165,16633,6532
2024-05,Kigoma,"TZS 5,000",28115,15904,12211
2024-05,Kigoma,"TZS 10,000",19842,12461,7381
2024-05,Kigoma,"TZS 20,000",10873,9181,1692
2024-05,Mtwara,TZS 500,7541,5627,1914
2024-05,Mtwara,"TZS 1,000",23120,16637,6483
2024-05,Mtwara,"TZS 2,000",18106,15238,2868
2024-05,Mtwara,"TZS 5,000",23100,15127,7973
2024-05,Mtwara,"TZS 10,000",16185,9636,6549
2024-05,Mtwara,"TZS 20,000",8398,5251,3147
2024-06,Dar es Salaam,TZS 500,91509,65737,25772
2024-06,Dar es Salaam,"TZS 1,000",260565,152282,108283
2024-06,Dar es Salaam,"TZS 2,000",206428,158298,48130
2024-06,Dar es Salaam,"TZS 5,000",198167,151072,47095
2024-06,Dar es Salaam,"TZS 10,000",188733,108430,80303
2024-06,Dar es Salaam,"TZS 20,000",91984,63966,28018
2024-06,Mwanza,TZS 500,26488,22083,4405
2024-06,Mwanza,"TZS 1,000",101659,76316,25343
2024-06,Mwanza,"TZS 2,000",65490,44109,21381
2024-06,Mwanza,"TZS 5,000",84626,60391,24235
2024-06,Mwanza,"TZS 10,000",57541,40494,17047
2024-06,Mwanza,"TZS 20,000",36164,24872,11292
2024-06,Arusha,TZS 500,16723,13142,3581
2024-06,Arusha,"TZS 1,000",54965,34495,20470
2024-06,Arusha,"TZS 2,000",39097,25376,13721
2024-06,Arusha,"TZS 5,000",57222,40388,16834
2024-06,Arusha,"TZS 10,000",39621,32225,7396
2024-06,Arusha,"TZS 20,000",24210,19638,4572
2024-06,Dodoma,TZS 500,14838,10169,4669
2024-06,Dodoma,"TZS 1,000",57632,45045,12587
2024-06,Dodoma,"TZS 2,000",31086,17705,13381
2024-06,Dodoma,"TZS 5,000",43795,36033,7762
2024-06,Dodoma,"TZS 10,000",36645,25627,11018
2024-06,Dodoma,"TZS 20,000",15968,11928,4040
2024-06,Mbeya,TZS 500,16646,11055,5591
2024-06,Mbeya,"TZS 1,000",51359,43107,8252
2024-06,Mbeya,"TZS 2,000",31119,22001,9118
2024-06,Mbeya,"TZS 5,000",39079,30788,8291
2024-06,Mbeya,"TZS 10,000",34950,25876,9074
2024-06,Mbeya,"TZS 20,000",18603,12441,6162
2024-06,Zanzibar,TZS 500,16035,11383,4652
2024-06,Zanzibar,"TZS 1,000",39989,30342,9647
2024-06,Zanzibar,"TZS 2,000",34907,22516,12391
2024-06,Zanzibar,"TZS 5,000",43417,35681,7736
2024-06,Zanzibar,"TZS 10,000",29937,25298,4639
2024-06,Zanzibar,"TZS 20,000",14313,8739,5574
2024-06,Tanga,TZS 500,10826,8857,1969
2024-06,Tanga,"TZS 1,000",39105,23292,15813
2024-06,Tanga,"TZS 2,000",26428,19413,7015
2024-06,Tanga,"TZS 5,000",28780,23447,5333
2024-06,Tanga,"TZS 10,000",29360,20597,8763
2024-06,Tanga,"TZS 20,000",15340,10359,4981
2024-06,Morogoro,TZS 500,12643,9487,3156
2024-06,Morogoro,"TZS 1,000",35893,21528,14365
2024-06,Morogoro,"TZS 2,000",27686,18777,8909
2024-06,Morogoro,"TZS 5,000",27283,15108,12175
2024-06,Morogoro,"TZS 10,000",25285,17907,7378
2024-06,Morogoro,"TZS 20,000",13237,10815,2422
2024-06,Kigoma,TZS 500,8039,6185,1854
2024-06,Kigoma,"TZS 1,000",26053,21036,5017
2024-06,Kigoma,"TZS 2,000",22681,16154,6527
2024-06,Kigoma,"TZS 5,000",26895,17328,9567
2024-06,Kigoma,"TZS 10,000",20520,16343,4177
2024-06,Kigoma,"TZS 20,000",10223,6719,3504
2024-06,Mtwara,TZS 500,8265,6599,1666
2024-06,Mtwara,"TZS 1,000",24595,14809,9786
2024-06,Mtwara,"TZS 2,000",19814,15807,4007
2024-06,Mtwara,"TZS 5,000",20041,12464,7577
2024-06,Mtwara,"TZS 10,000",16628,10881,5747
2024-06,Mtwara,"TZS 20,000",9176,7108,2068
2024-07,Dar es Salaam,TZS 500,85041,62613,22428
2024-07,Dar es Salaam,"TZS 1,000",242969,194966,48003
2024-07,Dar es Salaam,"TZS 2,000",181467,153109,28358
2024-07,Dar es Salaam,"TZS 5,000",232724,136813,95911
2024-07,Dar es Salaam,"TZS 10,000",192718,124790,67928
2024-07,Dar es Salaam,"TZS 20,000",96638,55169,41469
2024-07,Mwanza,TZS 500,26104,21058,5046
2024-07,Mwanza,"TZS 1,000",82994,66487,16507
2024-07,Mwanza,"TZS 2,000",60772,45145,15627
2024-07,Mwanza,"TZS 5,000",84178,59244,24934
2024-07,Mwanza,"TZS 10,000",61281,37613,23668
2024-07,Mwanza,"TZS 20,000",27984,17942,10042
2024-07,Arusha,TZS 500,19854,16508,3346
2024-07,Arusha,"TZS 1,000",65925,51409,14516
2024-07,Arusha,"TZS 2,000",46406,34781,11625
2024-07,Arusha,"TZS 5,000",48447,39831,8616
2024-07,Arusha,"TZS 10,000",44897,32241,12656
2024-07,Arusha,"TZS 20,000",18862,12903,5959
2024-07,Dodoma,TZS 500,15630,12650,2980
2024-07,Dodoma,"TZS 1,000",50125,33289,16836
2024-07,Dodoma,"TZS 2,000",40683,23726,16957
2024-07,Dodoma,"TZS 5,000",42490,23905,18585
2024-07,Dodoma,"TZS 10,000",38153,31492,6661
2024-07,Dodoma,"TZS 20,000",16621,13421,3200
2024-07,Mbeya,TZS 500,13985,11512,2473
2024-07,Mbeya,"TZS 1,000",50159,39699,10460
2024-07,Mbeya,"TZS 2,000",28705,24078,4627
2024-07,Mbeya,"TZS 5,000",43804,28096,15708
2024-07,Mbeya,"TZS 10,000",36874,23394,13480
2024-07,Mbeya,"TZS 20,000",18655,10890,7765
2024-07,Zanzibar,TZS 500,14866,10587,4279
2024-07,Zanzibar,"TZS 1,000",38484,23958,14526
2024-07,Zanzibar,"TZS 2,000",26912,18586,8326
2024-07,Zanzibar,"TZS 5,000",36232,26431,9801
2024-07,Zanzibar,"TZS 10,000",29606,18947,10659
2024-07,Zanzibar,"TZS 20,000",16912,9545,7367
2024-07,Tanga,TZS 500,13171,10611,2560
2024-07,Tanga,"TZS 1,000",38570,28077,10493
2024-07,Tanga,"TZS 2,000",29551,17896,11655
2024-07,Tanga,"TZS 5,000",28233,17556,10677
2024-07,Tanga,"TZS 10,000",28776,16126,12650
2024-07,Tanga,"TZS 20,000",13548,11497,2051
2024-07,Morogoro,TZS 500,12004,8480,3524
2024-07,Morogoro,"TZS 1,000",29459,23549,5910
2024-07,Morogoro,"TZS 2,000",25130,14687,10443
2024-07,Morogoro,"TZS 5,000",26194,21554,4640
2024-07,Morogoro,"TZS 10,000",25644,20484,5160
2024-07,Morogoro,"TZS 20,000",13590,9805,3785
2024-07,Kigoma,TZS 500,9086,6170,2916
2024-07,Kigoma,"TZS 1,000",26696,18163,8533
2024-07,Kigoma,"TZS 2,000",22009,16079,5930
2024-07,Kigoma,"TZS 5,000",27785,18977,8808
2024-07,Kigoma,"TZS 10,000",20991,15520,5471
2024-07,Kigoma,"TZS 20,000",10448,7948,2500
2024-07,Mtwara,TZS 500,7494,5273,2221
2024-07,Mtwara,"TZS 1,000",22404,14906,7498
2024-07,Mtwara,"TZS 2,000",18236,13597,4639
2024-07,Mtwara,"TZS 5,000",25395,18543,6852
2024-07,Mtwara,"TZS 10,000",19642,13786,5856
2024-07,Mtwara,"TZS 20,000",9520,5438,4082
2024-08,Dar es Salaam,TZS 500,71696,47215,24481
2024-08,Dar es Salaam,"TZS 1,000",239879,135218,104661
2024-08,Dar es Salaam,"TZS 2,000",155343,98338,57005
2024-08,Dar es Salaam,"TZS 5,000",242959,157778,85181
2024-08,Dar es Salaam,"TZS 10,000",173211,105455,67756
2024-08,Dar es Salaam,"TZS 20,000",89968,57058,32910
2024-08,Mwanza,TZS 500,25100,17694,7406
2024-08,Mwanza,"TZS 1,000",73242,40451,32791
2024-08,Mwanza,"TZS 2,000",56701,31810,24891
2024-08,Mwanza,"TZS 5,000",66780,43517,23263
2024-08,Mwanza,"TZS 10,000",67540,48737,18803
2024-08,Mwanza,"TZS 20,000",31077,19828,11249
2024-08,Arusha,TZS 500,20399,13649,6750
2024-08,Arusha,"TZS 1,000",49446,36348,13098
2024-08,Arusha,"TZS 2,000",35927,23480,12447
2024-08,Arusha,"TZS 5,000",49775,40430,9345
2024-08,Arusha,"TZS 10,000",40556,30850,9706
2024-08,Arusha,"TZS 20,000",23321,13746,9575
2024-08,Dodoma,TZS 500,14032,9378,4654
2024-08,Dodoma,"TZS 1,000",45928,30923,15005
2024-08,Dodoma,"TZS 2,000",38003,29042,8961
2024-08,Dodoma,"TZS 5,000",42727,27465,15262
2024-08,Dodoma,"TZS 10,000",37151,31077,6074
2024-08,Dodoma,"TZS 20,000",18562,10217,8345
2024-08,Mbeya,TZS 500,14770,8350,6420
2024-08,Mbeya,"TZS 1,000",41119,23349,17770
2024-08,Mbeya,"TZS 2,000",32921,24887,8034
2024-08,Mbeya,"TZS 5,000",34509,22953,11556
2024-08,Mbeya,"TZS 10,000",31508,20817,10691
2024-08,Mbeya,"TZS 20,000",14148,9559,4589
2024-08,Zanzibar,TZS 500,14334,8189,6145
2024-08,Zanzibar,"TZS 1,000",36409,23900,12509
2024-08,Zanzibar,"TZS 2,000",33967,25494,8473
2024-08,Zanzibar,"TZS 5,000",38622,25435,13187
2024-08,Zanzibar,"TZS 10,000",30835,17052,13783
2024-08,Zanzibar,"TZS 20,000",15608,12860,2748
2024-08,Tanga,TZS 500,11557,9385,2172
2024-08,Tanga,"TZS 1,000",37285,21855,15430
2024-08,Tanga,"TZS 2,000",28192,16067,12125
2024-08,Tanga,"TZS 5,000",31058,18406,12652
2024-08,Tanga,"TZS 10,000",21470,14526,6944
2024-08,Tanga,"TZS 20,000",11804,8213,3591
2024-08,Morogoro,TZS 500,10559,5946,4613
2024-08,Morogoro,"TZS 1,000",28602,20524,8078
2024-08,Morogoro,"TZS 2,000",22127,17010,5117
2024-08,Morogoro,"TZS 5,000",29676,23850,5826
2024-08,Morogoro,"TZS 10,000",24560,16675,7885
2024-08,Morogoro,"TZS 20,000",12212,7725,4487
2024-08,Kigoma,TZS 500,8100,6372,1728
2024-08,Kigoma,"TZS 1,000",26443,20877,5566
2024-08,Kigoma,"TZS 2,000",21221,17131,4090
2024-08,Kigoma,"TZS 5,000",26606,18073,8533
2024-08,Kigoma,"TZS 10,000",18298,13259,5039
2024-08,Kigoma,"TZS 20,000",9301,6792,2509
2024-08,Mtwara,TZS 500,8217,6216,2001
2024-08,Mtwara,"TZS 1,000",23277,13967,9310
2024-08,Mtwara,"TZS 2,000",17052,10108,6944
2024-08,Mtwara,"TZS 5,000",23775,15543,8232
2024-08,Mtwara,"TZS 10,000",15609,8704,6905
2024-08,Mtwara,"TZS 20,000",9088,6734,2354
2024-09,Dar es Salaam,TZS 500,68557,39181,29376
2024-09,Dar es Salaam,"TZS 1,000",218899,140832,78067
2024-09,Dar es Salaam,"TZS 2,000",170608,124839,45769
2024-09,Dar es Salaam,"TZS 5,000",189956,116892,73064
2024-09,Dar es Salaam,"TZS 10,000",185718,127439,58279
2024-09,Dar es Salaam,"TZS 20,000",85575,50674,34901
2024-09,Mwanza,TZS 500,25489,14229,11260
2024-09,Mwanza,"TZS 1,000",80130,67245,12885
2024-09,Mwanza,"TZS 2,000",55599,31229,24370
2024-09,Mwanza,"TZS 5,000",60493,40312,20181
2024-09,Mwanza,"TZS 10,000",51725,28811,22914
2024-09,Mwanza,"TZS 20,000",31013,21323,9690
2024-09,Arusha,TZS 500,15737,12904,2833
2024-09,Arusha,"TZS 1,000",46454,38871,7583
2024-09,Arusha,"TZS 2,000",35690,29141,6549
2024-09,Arusha,"TZS 5,000",47626,38006,9620
2024-09,Arusha,"TZS 10,000",43288,27553,15735
2024-09,Arusha,"TZS 20,000",21514,14346,7168
2024-09,Dodoma,TZS 500,13519,8815,4704
2024-09,Dodoma,"TZS 1,000",44293,26409,17884
2024-09,Dodoma,"TZS 2,000",32007,22805,9202
2024-09,Dodoma,"TZS 5,000",41524,33223,8301
2024-09,Dodoma,"TZS 10,000",30937,19821,11116
2024-09,Dodoma,"TZS 20,000",14612,8889,5723
2024-09,Mbeya,TZS 500,11448,7472,3976
2024-09,Mbeya,"TZS 1,000",38406,32258,6148
2024-09,Mbeya,"TZS 2,000",30214,19765,10449
2024-09,Mbeya,"TZS 5,000",37176,21999,15177
2024-09,Mbeya,"TZS 10,000",29201,21546,7655
2024-09,Mbeya,"TZS 20,000",14800,9923,4877
2024-09,Zanzibar,TZS 500,14237,11590,2647
2024-09,Zanzibar,"TZS 1,000",40184,28965,11219
2024-09,Zanzibar,"TZS 2,000",28909,17645,11264
2024-09,Zanzibar,"TZS 5,000",33027,18555,14472
2024-09,Zanzibar,"TZS 10,000",27695,19743,7952
2024-09,Zanzibar,"TZS 20,000",12810,10750,2060
2024-09,Tanga,TZS 500,11677,8952,2725
2024-09,Tanga,"TZS 1,000",32825,26620,6205
2024-09,Tanga,"TZS 2,000",20807,16378,4429
2024-09,Tanga,"TZS 5,000",25380,20006,5374
2024-09,Tanga,"TZS 10,000",21825,17746,4079
2024-09,Tanga,"TZS 20,000",13258,7883,5375
2024-09,Morogoro,TZS 500,9492,8014,1478
2024-09,Morogoro,"TZS 1,000",29850,24150,5700
2024-09,Morogoro,"TZS 2,000",22174,14692,7482
2024-09,Morogoro,"TZS 5,000",24703,15092,9611
2024-09,Morogoro,"TZS 10,000",23296,15514,7782
2024-09,Morogoro,"TZS 20,000",10836,7560,3276
2024-09,Kigoma,TZS 500,8185,6627,1558
2024-09,Kigoma,"TZS 1,000",28605,19230,9375
2024-09,Kigoma,"TZS 2,000",19768,15406,4362
2024-09,Kigoma,"TZS 5,000",22485,18815,3670
2024-09,Kigoma,"TZS 10,000",16382,9547,6835
2024-09,Kigoma,"TZS 20,000",9955,6786,3169
2024-09,Mtwara,TZS 500,7949,6501,1448
2024-09,Mtwara,"TZS 1,000",19546,15930,3616
2024-09,Mtwara,"TZS 2,000",15948,11213,4735
2024-09,Mtwara,"TZS 5,000",20551,17014,3537
2024-09,Mtwara,"TZS 10,000",13862,9607,4255
2024-09,Mtwara,"TZS 20,000",8556,6560,1996
2024-10,Dar es Salaam,TZS 500,70446,41586,28860
2024-10,Dar es Salaam,"TZS 1,000",195599,128628,66971
2024-10,Dar es Salaam,"TZS 2,000",163535,103620,59915
2024-10,Dar es Salaam,"TZS 5,000",167254,140030,27224
2024-10,Dar es Salaam,"TZS 10,000",127770,108520,19250
2024-10,Dar es Salaam,"TZS 20,000",78899,63004,15895
2024-10,Mwanza,TZS 500,22220,12316,9904
2024-10,Mwanza,"TZS 1,000",79280,63443,15837
2024-10,Mwanza,"TZS 2,000",57123,33865,23258
2024-10,Mwanza,"TZS 5,000",70070,54702,15368
2024-10,Mwanza,"TZS 10,000",55814,43525,12289
2024-10,Mwanza,"TZS 20,000",29404,21584,7820
2024-10,Arusha,TZS 500,13622,9484,4138
2024-10,Arusha,"TZS 1,000",42409,28509,13900
2024-10,Arusha,"TZS 2,000",33990,19367,14623
2024-10,Arusha,"TZS 5,000",40796,23796,17000
2024-10,Arusha,"TZS 10,000",38198,31868,6330
2024-10,Arusha,"TZS 20,000",15239,12747,2492
2024-10,Dodoma,TZS 500,13037,8341,4696
2024-10,Dodoma,"TZS 1,000",35331,24738,10593
2024-10,Dodoma,"TZS 2,000",31711,24167,7544
2024-10,Dodoma,"TZS 5,000",30807,17617,13190
2024-10,Dodoma,"TZS 10,000",28288,18064,10224
2024-10,Dodoma,"TZS 20,000",13399,8499,4900
2024-10,Mbeya,TZS 500,13321,11040,2281
2024-10,Mbeya,"TZS 1,000",37069,30464,6605
2024-10,Mbeya,"TZS 2,000",26001,18016,7985
2024-10,Mbeya,"TZS 5,000",30817,22870,7947
2024-10,Mbeya,"TZS 10,000",31420,22969,8451
2024-10,Mbeya,"TZS 20,000",13150,9788,3362
2024-10,Zanzibar,TZS 500,10172,8306,1866
2024-10,Zanzibar,"TZS 1,000",35876,24568,11308
2024-10,Zanzibar,"TZS 2,000",26472,19521,6951
2024-10,Zanzibar,"TZS 5,000",27490,20749,6741
2024-10,Zanzibar,"TZS 10,000",23809,18194,5615
2024-10,Zanzibar,"TZS 20,000",14152,11196,2956
2024-10,Tanga,TZS 500,9771,6898,2873
2024-10,Tanga,"TZS 1,000",26841,21005,5836
2024-10,Tanga,"TZS 2,000",20160,14092,6068
2024-10,Tanga,"TZS 5,000",24742,14601,10141
2024-10,Tanga,"TZS 10,000",22486,12733,9753
2024-10,Tanga,"TZS 20,000",11629,7503,4126
2024-10,Morogoro,TZS 500,7548,5308,2240
2024-10,Morogoro,"TZS 1,000",23977,15173,8804
2024-10,Morogoro,"TZS 2,000",21220,12070,9150
2024-10,Morogoro,"TZS 5,000",26905,14828,12077
2024-10,Morogoro,"TZS 10,000",18462,14257,4205
2024-10,Morogoro,"TZS 20,000",9439,5479,3960
2024-10,Kigoma,TZS 500,7089,4473,2616
2024-10,Kigoma,"TZS 1,000",25502,16423,9079
2024-10,Kigoma,"TZS 2,000",18093,14792,3301
2024-10,Kigoma,"TZS 5,000",19945,16414,3531
2024-10,Kigoma,"TZS 10,000",16037,13458,2579
2024-10,Kigoma,"TZS 20,000",7299,5518,1781
2024-10,Mtwara,TZS 500,6647,4428,2219
2024-10,Mtwara,"TZS 1,000",21641,16472,5169
2024-10,Mtwara,"TZS 2,000",12756,7654,5102
2024-10,Mtwara,"TZS 5,000",19485,14612,4873
2024-10,Mtwara,"TZS 10,000",17080,13293,3787
2024-10,Mtwara,"TZS 20,000",8505,6470,2035
2024-11,Dar es Salaam,TZS 500,58851,34228,24623
2024-11,Dar es Salaam,"TZS 1,000",212323,157807,54516
2024-11,Dar es Salaam,"TZS 2,000",121849,80178,41671
2024-11,Dar es Salaam,"TZS 5,000",195888,137145,58743
2024-11,Dar es Salaam,"TZS 10,000",138110,94924,43186
2024-11,Dar es Salaam,"TZS 20,000",64322,42491,21831
2024-11,Mwanza,TZS 500,21404,12108,9296
2024-11,Mwanza,"TZS 1,000",75195,50752,24443
2024-11,Mwanza,"TZS 2,000",54961,44249,10712
2024-11,Mwanza,"TZS 5,000",55962,41815,14147
2024-11,Mwanza,"TZS 10,000",49700,40458,9242
2024-11,Mwanza,"TZS 20,000",22921,17267,5654
2024-11,Arusha,TZS 500,15090,9636,5454
2024-11,Arusha,"TZS 1,000",40700,30341,10359
2024-11,Arusha,"TZS 2,000",35243,22720,12523
2024-11,Arusha,"TZS 5,000",41945,28041,13904
2024-11,Arusha,"TZS 10,000",34993,21337,13656
2024-11,Arusha,"TZS 20,000",18369,11686,6683
2024-11,Dodoma,TZS 500,11698,6637,5061
2024-11,Dodoma,"TZS 1,000",33630,23701,9929
2024-11,Dodoma,"TZS 2,000",25497,20414,5083
2024-11,Dodoma,"TZS 5,000",28621,18996,9625
2024-11,Dodoma,"TZS 10,000",26070,14489,11581
2024-11,Dodoma,"TZS 20,000",12159,8196,3963
2024-11,Mbeya,TZS 500,11460,7692,3768
2024-11,Mbeya,"TZS 1,000",36224,26390,9834
2024-11,Mbeya,"TZS 2,000",22042,15191,6851
2024-11,Mbeya,"TZS 5,000",35976,25388,10588
2024-11,Mbeya,"TZS 10,000",27218,17516,9702
2024-11,Mbeya,"TZS 20,000",13982,10932,3050
2024-11,Zanzibar,TZS 500,10858,9151,1707
2024-11,Zanzibar,"TZS 1,000",29928,16612,13316
2024-11,Zanzibar,"TZS 2,000",26243,20788,5455
2024-11,Zanzibar,"TZS 5,000",26289,16553,9736
2024-11,Zanzibar,"TZS 10,000",20762,13246,7516
2024-11,Zanzibar,"TZS 20,000",13132,9263,3869
2024-11,Tanga,TZS 500,8636,5712,2924
2024-11,Tanga,"TZS 1,000",24047,15388,8659
2024-11,Tanga,"TZS 2,000",21254,17901,3353
2024-11,Tanga,"TZS 5,000",27475,15305,12170
2024-11,Tanga,"TZS 10,000",22794,17892,4902
2024-11,Tanga,"TZS 20,000",11036,7586,3450
2024-11,Morogoro,TZS 500,8097,5189,2908
2024-11,Morogoro,"TZS 1,000",22701,14039,8662
2024-11,Morogoro,"TZS 2,000",17365,12072,5293
2024-11,Morogoro,"TZS 5,000",24675,17078,7597
2024-11,Morogoro,"TZS 10,000",16301,13649,2652
2024-11,Morogoro,"TZS 20,000",10645,8362,2283
2024-11,Kigoma,TZS 500,7986,5696,2290
2024-11,Kigoma,"TZS 1,000",24772,14186,10586
2024-11,Kigoma,"TZS 2,000",15030,9282,5748
2024-11,Kigoma,"TZS 5,000",17395,10302,7093
2024-11,Kigoma,"TZS 10,000",16236,12735,3501
2024-11,Kigoma,"TZS 20,000",8014,4761,3253
2024-11,Mtwara,TZS 500,6849,5073,1776
2024-11,Mtwara,"TZS 1,000",18920,14232,4688
2024-11,Mtwara,"TZS 2,000",13080,8548,4532
2024-11,Mtwara,"TZS 5,000",19385,12351,7034
2024-11,Mtwara,"TZS 10,000",13968,11412,2556
2024-11,Mtwara,"TZS 20,000",7486,4256,3230
2024-12,Dar es Salaam,TZS 500,54724,30226,24498
2024-12,Dar es Salaam,"TZS 1,000",198761,136012,62749
2024-12,Dar es Salaam,"TZS 2,000",122591,102655,19936
2024-12,Dar es Salaam,"TZS 5,000",169797,105710,64087
2024-12,Dar es Salaam,"TZS 10,000",137724,103828,33896
2024-12,Dar es Salaam,"TZS 20,000",60097,38006,22091
2024-12,Mwanza,TZS 500,23763,16346,7417
2024-12,Mwanza,"TZS 1,000",68950,46875,22075
2024-12,Mwanza,"TZS 2,000",42260,25344,16916
2024-12,Mwanza,"TZS 5,000",58862,36068,22794
2024-12,Mwanza,"TZS 10,000",42350,34011,8339
2024-12,Mwanza,"TZS 20,000",28013,22072,5941
2024-12,Arusha,TZS 500,15795,9833,5962
2024-12,Arusha,"TZS 1,000",50791,30935,19856
2024-12,Arusha,"TZS 2,000",36481,30952,5529
2024-12,Arusha,"TZS 5,000",41764,35263,6501
2024-12,Arusha,"TZS 10,000",32800,20593,12207
2024-12,Arusha,"TZS 20,000",15761,11475,4286
2024-12,Dodoma,TZS 500,10375,7643,2732
2024-12,Dodoma,"TZS 1,000",42555,25832,16723
2024-12,Dodoma,"TZS 2,000",29125,23951,5174
2024-12,Dodoma,"TZS 5,000",37081,31075,6006
2024-12,Dodoma,"TZS 10,000",26947,22721,4226
2024-12,Dodoma,"TZS 20,000",14420,8630,5790
2024-12,Mbeya,TZS 500,11142,8529,2613
2024-12,Mbeya,"TZS 1,000",32404,24049,8355
2024-12,Mbeya,"TZS 2,000",26506,15872,10634
2024-12,Mbeya,"TZS 5,000",31457,24583,6874
2024-12,Mbeya,"TZS 10,000",25236,13971,11265
2024-12,Mbeya,"TZS 20,000",10763,7072,3691
2024-12,Zanzibar,TZS 500,11887,7353,4534
2024-12,Zanzibar,"TZS 1,000",34265,21128,13137
2024-12,Zanzibar,"TZS 2,000",22446,18055,4391
2024-12,Zanzibar,"TZS 5,000",30975,17922,13053
2024-12,Zanzibar,"TZS 10,000",23207,12966,10241
2024-12,Zanzibar,"TZS 20,000",11789,8826,2963
2024-12,Tanga,TZS 500,7828,4983,2845
2024-12,Tanga,"TZS 1,000",26778,22114,4664
2024-12,Tanga,"TZS 2,000",22833,12865,9968
2024-12,Tanga,"TZS 5,000",26213,17340,8873
2024-12,Tanga,"TZS 10,000",19248,14941,4307
2024-12,Tanga,"TZS 20,000",11193,9349,1844
2024-12,Morogoro,TZS 500,8348,5485,2863
2024-12,Morogoro,"TZS 1,000",27699,17320,10379
2024-12,Morogoro,"TZS 2,000",18712,12304,6408
2024-12,Morogoro,"TZS 5,000",23494,14616,8878
2024-12,Morogoro,"TZS 10,000",16661,13753,2908
2024-12,Morogoro,"TZS 20,000",8083,5672,2411
2024-12,Kigoma,TZS 500,6230,3499,2731
2024-12,Kigoma,"TZS 1,000",18292,11022,7270
2024-12,Kigoma,"TZS 2,000",16983,10779,6204
2024-12,Kigoma,"TZS 5,000",21227,15378,5849
2024-12,Kigoma,"TZS 10,000",15009,10866,4143
2024-12,Kigoma,"TZS 20,000",7688,5978,1710
2024-12,Mtwara,TZS 500,5720,3751,1969
2024-12,Mtwara,"TZS 1,000",21386,17834,3552
2024-12,Mtwara,"TZS 2,000",15391,10401,4990
2024-12,Mtwara,"TZS 5,000",18245,12641,5604
2024-12,Mtwara,"TZS 10,000",13759,8412,5347
2024-12,Mtwara,"TZS 20,000",7073,4285,2788
